image_name,bbox
demo/1.png,"[[7.29352661e+02 3.31996674e+02 8.61432129e+02 6.65865479e+02
  9.99809563e-01]
 [4.25789368e+02 3.74004150e+02 4.92942627e+02 5.28251526e+02
  9.99535441e-01]
 [8.53326660e+02 3.11531464e+02 9.80525879e+02 6.61219482e+02
  9.99462068e-01]
 [1.78305161e+02 3.79601929e+02 2.40252884e+02 5.44934387e+02
  9.99428689e-01]
 [1.12358862e+03 2.75460999e+02 1.25770337e+03 6.61290405e+02
  9.99400377e-01]
 [1.30711401e+03 3.51210571e+02 1.43166187e+03 6.81515015e+02
  9.99373138e-01]
 [1.04605042e+03 3.81343384e+02 1.15210657e+03 6.61630493e+02
  9.99061763e-01]
 [5.90632629e+02 3.68423035e+02 6.57353943e+02 5.20909668e+02
  9.98618960e-01]
 [1.46297498e+03 3.40836792e+02 1.56426038e+03 6.08005310e+02
  9.97352362e-01]
 [3.18764465e+02 4.14193359e+02 3.66724304e+02 5.36506287e+02
  9.97198582e-01]
 [1.23418921e+03 2.96510864e+02 1.36381836e+03 6.82126221e+02
  9.94844198e-01]
 [1.62352930e+03 3.41869659e+02 1.66443530e+03 4.49699432e+02
  9.94099498e-01]
 [1.49035571e+03 3.08510071e+02 1.58566113e+03 5.76565247e+02
  9.71694767e-01]
 [1.21913037e+03 3.50696960e+02 1.31102637e+03 6.03803894e+02
  9.66147304e-01]
 [4.55949402e+02 3.42689484e+02 4.71285583e+02 3.82186066e+02
  6.16131008e-01]
 [4.17247253e+02 3.41984039e+02 4.35058838e+02 3.85929230e+02
  6.12673819e-01]
 [1.60570581e+03 3.59682892e+02 1.64217505e+03 4.58491730e+02
  5.34311295e-01]
 [1.06817627e+03 3.42622437e+02 1.13310547e+03 5.40728516e+02
  2.30804935e-01]
 [6.99383179e+02 3.40380432e+02 7.12699341e+02 3.75564575e+02
  2.02246636e-01]
 [1.23071558e+03 2.95486420e+02 1.34705054e+03 6.59542603e+02
  1.64655373e-01]
 [7.11810730e+02 3.42811035e+02 7.24027649e+02 3.74733643e+02
  1.58414856e-01]
 [3.48356445e+02 3.83178772e+02 3.85921936e+02 4.84354675e+02
  1.55229017e-01]
 [5.34864075e+02 3.35367706e+02 5.51268372e+02 3.77192230e+02
  1.38860166e-01]
 [1.50070361e+03 3.09133972e+02 1.58701929e+03 5.64774963e+02
  1.28638804e-01]
 [1.83659705e+03 1.51571960e+02 2.03772595e+03 6.80705444e+02
  1.23927444e-01]
 [1.21226794e+03 3.48544067e+02 1.29627527e+03 6.05120789e+02
  1.13383368e-01]
 [1.04988428e+03 3.59481049e+02 1.15253149e+03 6.60759766e+02
  8.53860006e-02]
 [1.12665039e+03 2.90085785e+02 1.37822803e+03 6.66577026e+02
  8.02686363e-02]
 [1.62167993e+03 3.41777344e+02 1.66524292e+03 4.54301453e+02
  7.26474524e-02]
 [1.60741736e+03 3.60159210e+02 1.63878967e+03 4.50598297e+02
  6.33496866e-02]
 [4.18837860e+02 3.41832214e+02 4.35392487e+02 3.81069092e+02
  6.19021580e-02]
 [1.49165063e+03 3.93718109e+02 1.54481982e+03 5.93256470e+02
  5.84995784e-02]
 [1.57582983e+03 3.48876373e+02 1.63481226e+03 4.72201813e+02
  5.84224127e-02]
 [7.25888916e+02 3.43364563e+02 7.37839600e+02 3.74114014e+02
  4.67824005e-02]
 [1.49349048e+03 3.35741882e+02 1.55833472e+03 4.98434204e+02
  4.54837158e-02]
 [1.06854590e+03 3.45988342e+02 1.13977173e+03 5.60159973e+02
  4.07864824e-02]
 [1.34569275e+03 3.46807495e+02 1.40207092e+03 4.81945923e+02
  3.50845493e-02]
 [1.30536487e+03 3.50172577e+02 1.42862952e+03 6.81877197e+02
  3.49108838e-02]
 [1.46078674e+03 3.40307343e+02 1.56292615e+03 6.07466309e+02
  3.38270664e-02]
 [1.58167310e+03 3.56300995e+02 1.66218213e+03 4.99208160e+02
  3.25423963e-02]
 [3.19242950e+02 4.14097504e+02 3.67743866e+02 5.36310547e+02
  3.11713517e-02]
 [1.81015149e+03 3.80518921e+02 1.85021667e+03 4.67999878e+02
  3.06841265e-02]
 [4.56386749e+02 3.42378021e+02 4.71204193e+02 3.81479340e+02
  2.95538995e-02]
 [1.59591809e+03 3.57195007e+02 1.62734778e+03 4.46459900e+02
  2.95007937e-02]
 [1.54924170e+03 3.49948181e+02 1.65976416e+03 6.15941345e+02
  2.87670773e-02]
 [8.50290527e+02 3.11365906e+02 9.80148315e+02 6.60934265e+02
  2.59361397e-02]
 [1.50468518e+03 3.10281250e+02 1.58207458e+03 5.38058167e+02
  2.39234082e-02]
 [4.26463440e+02 3.73978973e+02 4.93877258e+02 5.28312988e+02
  2.35440861e-02]
 [1.47678113e+03 3.68371826e+02 1.50190295e+03 4.35348694e+02
  2.33426262e-02]
 [5.91435913e+02 3.68359772e+02 6.58045044e+02 5.21097168e+02
  2.31817868e-02]
 [7.28096191e+02 3.32017761e+02 8.59880005e+02 6.66093933e+02
  2.13314909e-02]
 [6.89540466e+02 3.44941803e+02 7.01386169e+02 3.75554718e+02
  2.11668853e-02]
 [1.12567627e+03 2.73468140e+02 1.25387769e+03 6.65774292e+02
  2.04674564e-02]
 [7.10652588e+02 3.42404907e+02 7.23044556e+02 3.75432983e+02
  1.65841635e-02]
 [1.60317163e+03 3.59202393e+02 1.64349878e+03 4.65968201e+02
  1.61981098e-02]
 [1.47124231e+03 3.40451965e+02 1.52581970e+03 4.74049683e+02
  1.31547796e-02]
 [1.74521582e+03 3.52158478e+02 1.77373486e+03 4.24665497e+02
  1.12059787e-02]
 [1.62459692e+03 3.41987549e+02 1.66401807e+03 4.45063599e+02
  1.11974943e-02]
 [1.57484985e+03 3.49533997e+02 1.63041284e+03 4.55117310e+02
  1.11301756e-02]
 [1.22685413e+03 3.44211670e+02 1.46833777e+03 6.78360596e+02
  1.08757811e-02]
 [7.46316650e+02 3.44613281e+02 7.56731567e+02 3.74257690e+02
  1.07453857e-02]
 [1.09098584e+03 2.90100891e+02 1.35361841e+03 6.62497009e+02
  1.07181594e-02]
 [1.08234778e+03 3.40940643e+02 1.12505872e+03 4.51516937e+02
  9.54374578e-03]
 [1.22222925e+03 3.51421967e+02 1.30337988e+03 6.01525879e+02
  9.51891206e-03]
 [4.16947083e+02 3.42259430e+02 4.34046021e+02 3.83783051e+02
  9.08449478e-03]
 [1.23655908e+03 2.94790375e+02 1.36175537e+03 6.85869019e+02
  8.87560658e-03]
 [1.06531885e+03 3.77341187e+02 1.12040552e+03 4.96295593e+02
  8.83228984e-03]
 [3.49360596e+02 3.83349792e+02 3.85156616e+02 4.79898010e+02
  8.76357313e-03]
 [1.78352966e+02 3.79409027e+02 2.40631500e+02 5.44721069e+02
  8.61767866e-03]
 [1.07363647e+03 3.40429535e+02 1.13200757e+03 5.27113525e+02
  8.33065715e-03]
 [1.54124414e+03 3.55937073e+02 1.60614478e+03 5.62828674e+02
  7.87032116e-03]
 [1.11936548e+03 3.54873718e+02 1.19324780e+03 5.60246277e+02
  7.76354736e-03]
 [1.84725049e+03 2.85496796e+02 1.92894727e+03 4.77304901e+02
  7.74139306e-03]
 [1.58292444e+03 3.47613861e+02 1.61247522e+03 4.33046539e+02
  7.71876052e-03]
 [4.70010010e+02 3.48055481e+02 4.82680115e+02 3.81108276e+02
  7.61903869e-03]
 [5.35067444e+02 3.35569061e+02 5.51155090e+02 3.75160248e+02
  7.49876909e-03]
 [1.49117834e+03 3.08457458e+02 1.59149426e+03 5.92632996e+02
  7.20978389e-03]
 [1.57122046e+03 3.49285461e+02 1.60174048e+03 4.27373901e+02
  6.81240065e-03]
 [1.86626819e+03 2.05257111e+02 2.01273743e+03 5.32440796e+02
  6.75911177e-03]
 [6.02976807e+02 3.47023438e+02 6.15442871e+02 3.75919678e+02
  6.32436294e-03]
 [1.48819348e+03 3.39222015e+02 1.55115540e+03 5.11995483e+02
  6.09213114e-03]
 [6.98764648e+02 3.40358246e+02 7.12581787e+02 3.75437592e+02
  5.96586475e-03]
 [4.24910736e+02 3.42061401e+02 4.38497711e+02 3.73065491e+02
  5.37046650e-03]
 [1.59905640e+03 3.58376221e+02 1.66689111e+03 5.64074097e+02
  5.30739175e-03]
 [7.24536438e+02 3.43199341e+02 7.36299622e+02 3.74003540e+02
  4.99872304e-03]
 [1.27950671e+03 3.29835724e+02 1.34286584e+03 5.32109741e+02
  4.82514501e-03]
 [4.72773743e+02 3.34008087e+02 4.85549133e+02 3.63924530e+02
  4.79960442e-03]
 [1.33688220e+03 3.51078522e+02 1.40983508e+03 5.49154297e+02
  4.42907959e-03]
 [1.79696497e+03 1.34757294e+02 2.04700000e+03 9.89456787e+02
  4.40192455e-03]
 [5.54407837e+02 3.41851837e+02 5.69655884e+02 3.76882355e+02
  4.38130926e-03]
 [1.54521729e+03 3.48086578e+02 1.59903149e+03 4.83436920e+02
  4.31807572e-03]
 [1.34929260e+03 3.48358063e+02 1.39966394e+03 4.69360260e+02
  4.02962556e-03]
 [6.90554199e+02 3.47390656e+02 7.01966797e+02 3.76532379e+02
  4.00906010e-03]
 [1.60349182e+03 3.59288513e+02 1.64716663e+03 4.94743896e+02
  3.98105476e-03]
 [1.18494397e+03 3.67024048e+02 1.25022986e+03 5.74300537e+02
  3.97201907e-03]
 [4.56475098e+02 3.42882019e+02 4.70520508e+02 3.75014526e+02
  3.87106533e-03]
 [1.51156055e+03 3.14804016e+02 1.58108813e+03 5.10602661e+02
  3.32504488e-03]
 [1.91663110e+03 2.64999573e+02 2.02005664e+03 5.05780884e+02
  3.27979843e-03]
 [1.04695667e+03 3.77032959e+02 1.15120374e+03 6.63673096e+02
  3.20814783e-03]
 [1.82415063e+03 3.80324982e+02 1.84726855e+03 4.42883575e+02
  3.17971827e-03]]"
demo/1.png,"[{'size': [1024, 2048], 'counts': b'[Zif0_:ae000000000000000000000000000000000000000000000000000000000000000000000000000000000000000000000000000000000000000000000000000000000000000000000000000000000000000000000000000000000000000000000000000000000000000000000000000000000000000000000000000000000000000000000000eeQU1'}, {'size': [1024, 2048], 'counts': b'j[Y=d4Xk07M00000000000000000000000000000000000000000000000000000000000000000000000000000000000000000000000000000000000000000000000000000000000Zdb`1'}, {'size': [1024, 2048], 'counts': b'gYej0o:Qe00000000000000000000000000000000000000000000000000000000000000000000000000000000000000000000000000000000000000000000000000000000000000000000000000000000000000000000000000000000000000000000000000000000000000000000000000000000000000000000000000000000000000YfZQ1'}, {'size': [1024, 2048], 'counts': b'g`b52bl0S2VTO`NVj0a4L00000000000000000000000000000000000000000000000000000000000000000000000000000000000000000000000000000000000000000000000Ud^h1'}, {'size': [1024, 2048], 'counts': b'cXSS1S<mc0000000000000000000000000000000000000000000000000000000000000000000000000000000000000000000000000000000000000000000000000000000000000000000000000000000000000000000000000000000000000000000000000000000000000000000000000000000000000000000000000000000000000000000000000000]geh0'}, {'size': [1024, 2048], 'counts': b'][kX1>Q2P7Rd0PIn[OP7Qd0`I^[Ob6]d0c2H8000000000000000000000000000000000000000000000000000000000000000000000000000000000000000000000000000000000000000000000000000000000000000000000000000000000000000000000000000000000000000000000000000000000000000000000000000000000000000000000000QeWc0'}, {'size': [1024, 2048], 'counts': b'm[fP1i8Wg00000000000000000000000000000000000000000000000000000000000000000000000000000000000000000000000000000000000000000000000000000000000000000000000000000000000000000000000000000000000000000000000000000000000000000000Sdnk0'}, {'size': [1024, 2048], 'counts': b'`[^b0i4Wk00000000000000000000000000000000000000000000000000000000000000000000000000000000000000000000000000000000000000000000000000000000000000`d][1'}, {'size': [1024, 2048], 'counts': b'dZf]1]8cg0000000000000000000000000000000000000000000000000000000000000000000000000000000000000000000000000000000000000000000000000000000000000000000000000000000000000000000000000000000000000000000000000000007I2jH`XOh5`g0XJ`XOh5c\\S?'}, {'size': [1024, 2048], 'counts': b'R]o9d3Xl07M0000000000000000000000000000000000000000000000000000000000000000000000000000000000000000000Rc`d1'}, {'size': [1024, 2048], 'counts': b'XYbV1S<mc000000000000000000000000000000000000000000000000000000000000000000000000000000000000000000000000000000000000000000000000000000000000000000000000000000000000000000000000000000000000000000000000000000000000000000000000000000000000000000000000000000000000000000hf[e0'}, {'size': [1024, 2048], 'counts': b'gZhb1n0V13ck0\\2J00000000000000000000000000000000000000000000000000000000000000000000000000000[en;'}, {'size': [1024, 2048], 'counts': b']Zb^1d7\\h00WOi0000000000000000000000000000000000000000000000000000000000000000000000000000000000000000000000000000000000000000000000000000000000000000000000000000000000000000000000000000000000000000000\\f]>'}, {'size': [1024, 2048], 'counts': b'VaSV1\\1dn00SJl0]WOi2Th0m2J000000000000000000000000000000000000000000000000000000000000000000000000000000000000000000000000000000000000000000000000000000000000000000000000000000000000000000000000000000000Reof0'}, {'size': [1024, 2048], 'counts': b'hZX>S1ln03N1O001O00000000000000000001OXeWa1'}, {'size': [1024, 2048], 'counts': b'gZR=Y1gn02M10000000000000000000000001O0000Ye[b1'}, {'size': [1024, 2048], 'counts': b'^[Vb1\\1_n0V1mN9I2N3M1O1O00002N0000N20000O1001OO11O00O1000000001O0000000000O100O3M4Ihdd<'}, {'size': [1024, 2048], 'counts': b'oZ\\Q13j0n4oh0_K\\VOE5n4_i0T1000000000000000000000000000000000000000000000000000000000000000000000000000000000000000000000000000000000000000000000000000000Zeal0'}, {'size': [1024, 2048], 'counts': b'fZle0Q1nn02O00000000000000000001OZefY1'}, {'size': [1024, 2048], 'counts': b'WY^V1Z7fh000j0mWOZHXf0Y9^O;E4L3M3M8H6J5K5K9G00000000000000000000000000000000000000000000000000000000000000000000000000000000000000000000000000000000000000000000000000000000000000000000000000000000000000000000000000000000000000000000000000000000000000000ifke0'}, {'size': [1024, 2048], 'counts': b'hZXf0o0Po010000000000000000000000YeZY1'}, {'size': [1024, 2048], 'counts': b'Q\\m:l2Rm05M2N1O2N00000000000000000000000000000000000000000000000000000000000000MTdmc1'}, {'size': [1024, 2048], 'counts': b'aZg`0X1hn01N100000000000000000000001O0000_eg^1'}, {'size': [1024, 2048], 'counts': b'eYl^1P8Ph000000000000000000000000000000000000000000000000000000000000000000000000000000000000000000000000000000000000000000000000000000000000000000000000000000000000000000000000000000[f[>'}, {'size': [1024, 2048], 'counts': b'gT\\i1T`0l?0000002N2N:F0000000000000000000000000000000000000000000000000000000000000000000000000000000000000000000000000000000000000000000000000000000000000000000000000000000000000000000000000000000000000000000000F:000000000000000000000000O10000000000000000000000000000000000001O000000000000000000:F0000000000000000000000000000000000000000000000000000000000000000000000000000000000000000000000000000F:O1N2O100000Yk9'}, {'size': [1024, 2048], 'counts': b'jaPV1=Po0n0lLFeTOe1gh0U4SOo0C8000000000000000000000000000000000000000000000000000000000000000000000000000000000000000000000000000000000000000000000000000000000000000000000000000000Te^g0'}, {'size': [1024, 2048], 'counts': b'n[iP1g8Yg00O1O1O1O10000001OO100001O0000001O00000000000000000000000000000000000000000000000000000000O11O000000O10000000000000000000000O1000000000000O1000000O100O100O100O1N2O1O1O100O100M3K50000000000000000000000009G00`dnk0'}, {'size': [1024, 2048], 'counts': b'RYVS1c1f7>P=BPC>P=BPC>P=BPC>P=BPC>P=GgB>X=ITBd0l=I`A?_>D[A`0d>BWAa0i>BRAa0m>Am@d0R?KU@?k?Dk_Od0T`0YOT@a0m?oNj@j0V?TOSAd0n>YOXAd0h>XO`Ac0a>mNTBn0l=nNTC5m<H`CN`<NmCIS<5RDGo;7VDFj;7\\DFd;7eDC[;;mD_OS;>QE@P;?QEAo:?RE@n:?SEAm:?SEAm:?SEAm:?SE@n:`0RE@n:a0QE_Oo:a0QE_Oo:a0QE_Oo:a0QE^OP;b0PE^OP;b0PE^OP;b0oD_OQ;b0nD^OR;c0kD_OU;b0gDAY;a0bDB^;?mCnNgGf0\\d0=kC5U<LoBiNQI\\1Pd0LhC4X<LiC3W<NiC2V<OkCOU<1nCLR<5oCIQ<8oCGQ<9PDFP<;oCEQ<<mCES<<jCFV<;gCGY<:eCG[<:bCI]<8aCI_<8_CIa<8^CHb<9\\CHd<<RCJn<k0bA1]>X1m\\OV2Rc0\\501O1O001O00001O000000001O0000001O007I00000000000000000000000000000000000000000000000000000000000000000000000000000000000000000000000000000000000000000000000000000000000000000000000000000000000000000000000000000000000000000000000000000000000000000000000000000000000000000000000000000000000000000000000000000000000007I00001O0000001O00001O001XI_\\OZKBQ5Pd0hNd@bN]?<_[OdMfl0j1R1WObROfNgm0V1d0K5L30000000]fld0'}, {'size': [1024, 2048], 'counts': b'eZgb1\\3dl06J000000000000000000000000000000000000000000000000000000000000000000000000000000L4O\\em;'}, {'size': [1024, 2048], 'counts': b'][Xb1X2cm0<I3M2N2N000000000000N200002NN22N000000N2000000000000O100O3Lhdh<'}, {'size': [1024, 2048], 'counts': b'gZS=W1hn01000000000000000000000000001O00Ye[b1'}, {'size': [1024, 2048], 'counts': b'Y\\c^1Y6gi0000000000000000000000000000000000000000000000000000000000000000000000000000000000000000000000000000000000gcf?'}, {'size': [1024, 2048], 'counts': b'_[Wa1a2Rm0bMUSOf2`l0f0J6J1O1O1O2N001O2N00000000000000000000000000000000000000000000000000000003M001OO1000000000000001O001L4O1N2N2N2K6oL^SO\\2fl0cMkSOk1o`m<'}, {'size': [1024, 2048], 'counts': b'iZff0l0So03N000000000000000001OWemX1'}, {'size': [1024, 2048], 'counts': b'gZe^12no03oRO4gi0U1kSOZ1kj0V2G10000O100000000000000000000001O00000000O100000000O10000M3000000000000000000000000000000000000000000000000000000000000000000aeX?'}, {'size': [1024, 2048], 'counts': b'iZ\\Q1;i0Y5_h0kJ]WOU5ch0T1000000000000000000000000000000000000000000000000000000000000000000000000000000000000000000000000000000000000000000000000000000000000000000We[l0'}, {'size': [1024, 2048], 'counts': b'S[QZ1S3jl0?B=A9K00000000000000000000000003M0000000000000000000000000000000000000000000000000000000000000000000000001O00001OQeTd0'}, {'size': [1024, 2048], 'counts': b'c^iX1n0`0[4ih0eKWWO[4Xh0o1\\MbI^[Of6]d0a2L4I7000000000000000000000000000000000000000000000000000000000000000000000000000000000000000000000000000000000000000000000000000000000000000000000000000000000000000000000000000000000000000000000000000000000000000000000000000000000000000000ReZc0'}, {'size': [1024, 2048], 'counts': b'dZd]1\\8dg000000000000000000000000000000000000000000000000000000000000000000000000000000000000000000000000000000000000000000000000000000000000000000000000000000000000000000000000000000000000000000000000000000007I00UeT?'}, {'size': [1024, 2048], 'counts': b'f[_a126`0ln0m0WOn0WOR1nN7L5K5K3M3M3M1O2N001O3M00000000000000000000000000000000000000000000000000M30000O1O100O100O100O1N2O10000O1000000O1000000000004K3N2M2O1N2N2N9G=B=Cc0]O<C6L10cbP<'}, {'size': [1024, 2048], 'counts': b'Q]P:h3Ul0300000000000000000000000000000000000000000000000000000000000000000000000000000000000000000000Rc_d1'}, {'size': [1024, 2048], 'counts': b'P\\ch1]2am05K3O00001O000000000000000000000000000000000000000000000000002N000000000000000TdT6'}, {'size': [1024, 2048], 'counts': b'hZY>S1ln03N1O0000000000000000000001OXeWa1'}, {'size': [1024, 2048], 'counts': b'n[ka18on0g1RO=C6J2N3M001O2N0000000000000002N0000000000000000000000001O000MkdS='}, {'size': [1024, 2048], 'counts': b'S[]`1U8kg00O1K5000000000000000000000000000000000000000000000000000000000000000000000000000000000000000000000000000000000000000000000000000000000000000000000000000000000000000000000000000000000000000000000000000K50005K1N2N2N2N1O10jdS<'}, {'size': [1024, 2048], 'counts': b'm_bj0h4Xk00XOh0bJ^500000000000000000000000000000000000000000000000000000000000000000000000000000000000000000000000000000000000000000000000000000000000000000000000000000000000000000000000000000000000000000000000000000000000000000000000000000000000000000000000000000000000000YfZQ1'}, {'size': [1024, 2048], 'counts': b'fYP_1U7kh000000000000000000000000000000000000000000000000000000000000000000000000000000000000000000000000000000000000000000000000000000000000000000000000000000000000Zf`>'}, {'size': [1024, 2048], 'counts': b'e[Z=l4Tk00000000000000000000000000000000000000000000000000000000000000000000000000000000000000000000000000000000000000000000000000000000000000[da`1'}, {'size': [1024, 2048], 'counts': b'c[U^1o1Pn03N0O100O100000000000000000000000000001O001O001O]dQa0'}, {'size': [1024, 2048], 'counts': b'`[_b0j4Vk00000000000000000000000000000000000000000000000000000000000000000000000000000000000000000000000000000000000000000000000000000000000000`d\\[1'}, {'size': [1024, 2048], 'counts': b'eZhf0V:je00O1H80000000000000000000000000000000000000000000000000000000000000000000000000000000000000000000000000000000000000000000000000000000000000000000000000000000000000000000000000000000000000000000000000000000000000000000000000000000000000000000000000000000000000000deSU1'}, {'size': [1024, 2048], 'counts': b'kZbe0k0To02N2O0000000000000001OVeQZ1'}, {'size': [1024, 2048], 'counts': b'aXUS1n;Rd0001O:F000000000000000000000000000000000000000000000000000000000000000000000000000000000000000000000000000000000000000000000000000000000000000000000000000000000000000000000000000000000000000000000000000000000000000000000000000000000000000000000000000000000_gih0'}, {'size': [1024, 2048], 'counts': b'jZWf0=7Kkn0h0M100000000000000000000Ye[Y1'}, {'size': [1024, 2048], 'counts': b'a[Tb1>3DTo0W2\\N?E8H4L3M1O1O2N00000000000000N20000O10000000000000000001O0000000000O103L3L6Hddc<'}, {'size': [1024, 2048], 'counts': b'dZo]1k1Un0d0lQOgMYm0l2PSOPMXl0P4\\O5K0000000000000000000000000000000000000000000000000000000000000000000000000000000000000000000000M300O]eY`0'}, {'size': [1024, 2048], 'counts': b'P[bf1U2km04L00000000000000000000000000000000000000000000000002Nnda8'}, {'size': [1024, 2048], 'counts': b'eZib1Y3gl000000000000000000000000000000000000000000000000000000000000000000000000000000[en;'}, {'size': [1024, 2048], 'counts': b'e[Va1R2[m0QNkRO[2nl0d0J3M1O2N1O2N000000000000000000000000000000000000000000000000000000000000000000000000000000000002N1O1M3M4M4K3NidP='}, {'size': [1024, 2048], 'counts': b'hZZV1i0l6^OYIW2\\e0[N[A^OYIW2\\e0[N[A^OYIW2\\e0[N[A^OYIW2\\e0\\NYAQ2g>YNe[ODL@o1j2`b0[2dZOlJ`0f3ld0`600000000000000000000000000000000000000000000000YHaZOm4_e0[J^[O`5bd0UJm[Og5Sd0XJ]\\O3dNm2od0nLh\\OEhNU3`d0UMV_Of2j`0YMZ_Od2f`0[M^_Ob2b`0^M__Oa2a`0_M[_Oe2e`0\\MX_Of2h`0ZMk\\OUOYOd3lc0XMf\\OHiNU3ad0TMb\\O1aNP3md0oLR\\Of0_Nh2_e0cLP\\Oh5Pd0XJo[Oi5Qd0XJl[Oj5Td0VJj[Ol5\\d0oIb[OR6_d0nI_[OS6ad0nInZOcNF`7\\e0oIiZOhNFZ7be0oIdZOmNEU7ge0PJ`ZOd6`e0]I^ZOd6be0m100O10000O1J60000000000000000000000000000000000000000000000000000000000000000000000000000000000000000000000000000000000000000000000000000006J0000001O0000000000000000001O0000000000000000001O0000000000000000000000000000000000001O0000000000000000000000000000000000000000000000000000000000000000001O00001O001O0iI_\\OObc0^O_]O3bb0XO[^O?fa0iNY_Oo0h`0ZNf@n0]?jNWAg0P?mN[Ad0eg0\\O>B`[jb0'}, {'size': [1024, 2048], 'counts': b'iZ[g0n0Ro000000000000000000WeZX1'}, {'size': [1024, 2048], 'counts': b'RYcR1d0\\o01O2N1O1O2N1O4La0PXObN\\Io0be0^1S_OP1n?L\\]OR2`b0j5M3M2N8H000000000000000000000000000000000000000000000000000000000000000000000000000000000000000000000000000000000000000000000000000000000000000000000000000000000000000000000000000000000000000000000000000000000000000000000000000000000000000000000000000000000000000000000000000000000000000000000000000000000000000000000000000000YHf[Oa3ad0SLo[Oc3Wd0WLS\\OWO\\OmM1Na2CVb0Z3n[ORO`0eM_f0X3SYOmNah0S1_WOlMbi0S2`VOVMVj0i2lUOPMZj0o2hUOjL^j0U3W100O1001O1O07JO001hZOPM_=P3[B\\M^=d2]BmMW=S2gBoMY=Q2jBlMV=T2lBjMT=V2nB^M\\=b2gBWM]=i2eBQM_=o2j7N100001O1O100O1O1O10O01O1OO1000000O100000000d0[Ok0VO6Je0[Ok0UO7I`0_O3N2NO2L3@`0L4L5\\Oc0I7_Ob0K4M30000000bfee0'}, {'size': [1024, 2048], 'counts': b'^[jQ1:633S1\\l0k1N2O1N200000000000000000000000000000000000000000000000000000000000000000000000000002NZeil0'}, {'size': [1024, 2048], 'counts': b'oZVV1k7Uh000000000000000000000000000000000000000000000000000000000000000000000000000000000000000000000000000000000000000000000000000000000000000000000000000000000000000000QeWg0'}, {'size': [1024, 2048], 'counts': b'hZQ=V1in03N0000000000000000000000000000000Ye\\b1'}, {'size': [1024, 2048], 'counts': b'VYdV1b:^e0003Z[ObEdc0d;I=C0000000000000000000000000000000000000000000000000000000000000000000000000000000000000000000000000000000000000000000000000000000000000000000000000000000000000000000000000000000000000000000000000000000000000000000000000000000000000000000000000jf]e0'}, {'size': [1024, 2048], 'counts': b'S]YQ1\\1dm0S1aROfMol0W3^O7K000O10000000000000000000000000000000000000000000000000000000000000000000000000000001O000000001O0000001OPdnl0'}, {'size': [1024, 2048], 'counts': b'h]m:22?2CVm0h2J3M2N00000000000000000000000000000000000000000000000000000000000000000Qdmc1'}, {'size': [1024, 2048], 'counts': b'e`b54`l0T2VTObNTj0\\4000000000000000000000000000000000000000000000000000000000000000000000000000000000000000000000000000000000000000000000000Ud^h1'}, {'size': [1024, 2048], 'counts': b'mZaQ12T1[4Wi0jKdVOX4Ui0]1000000000000000000000000000000000000000000000000000000000000000000000000000000000000000000000000000000000000000000\\ebl0'}, {'size': [1024, 2048], 'counts': b'S[W`1[1P2P1ZNoM\\i0V6J000000000000000000000000000000000000000000000000000000000000000000000000000000000000000000000000000000000004L1O1K5M3fK^VOYNO4M795LAN2O0hi0_1[4dNdQOP1_n0kNiQOP1jbi='}, {'size': [1024, 2048], 'counts': b'S\\RS1i0kn0k1`QOcNSk0d4^N?J5K000000000000000000000000000000000000000000000000000000000000000000000000000000000000000000000000000000000000000000000000000000000004Ljdej0'}, {'size': [1024, 2048], 'counts': b'UYgi1P5Pk00Hf0B6J5K0000000000000000000000000000000000000000000000000000000000000000000000000000000000000000000000000000000000000000000000000000000000000000000003M1O1O1O2N00kff3'}, {'size': [1024, 2048], 'counts': b'j[^a1X1lm0V1E7H20000000000000000000000000000000000000000000000002N0000Seb='}, {'size': [1024, 2048], 'counts': b'nZg>o0Po02O0000000000000000000Sel`1'}, {'size': [1024, 2048], 'counts': b'aZh`0W1hn01000000000000000000000000001O_eg^1'}, {'size': [1024, 2048], 'counts': b'^Zc^1S8mg00VOj0000000000000000000000000000000000000000000000000000000000000000000000000000000000000000000000000000000000000000000000000000000000000000000000000000000000000000000000000000000000000000000000H8K5M30\\fW>'}, {'size': [1024, 2048], 'counts': b'oZTa1U2km08F2000000000000000000000000000000000000000000000000000000Sem='}, {'size': [1024, 2048], 'counts': b']VZj1X:he0000000000000000000000000000000000000000000000000000000000000000000000000000000000000000000000000000000000000000000000000000000000000000000000000000000000000000000000000000000000000000000000000000000000000000000000000000000000000000000000000000000000000000000000000000000000000000000000000000ciR1'}, {'size': [1024, 2048], 'counts': b'mZkb0k0To010000000000000000000000Teg\\1'}, {'size': [1024, 2048], 'counts': b'cZ`^1a1\\1]Oij0j0]TOKb0eNci0U5L0000000000000000000000000000000000000000000000000000000000000000000000000000000000000000000000000000000000000000000000000]e_?'}, {'size': [1024, 2048], 'counts': b'fZke0P1on03N0000000000000000000001OZefY1'}, {'size': [1024, 2048], 'counts': b'hZX=n0Ro00O1000000000000000000001O;BPeXb1'}, {'size': [1024, 2048], 'counts': b'f`oa1a0hj0AbYOo0ne04\\XOS1Wg0[ORWOR2lh0RNeVOZNJh3`i0_2O1O100O100L40000000000000000000000000000000000000000000000000000000000000000000000000000000000000000000000000L4O1O1N2N2J6H8Mmdl;'}, {'size': [1024, 2048], 'counts': b'jZef0g0Wo07K1O00000000000000000XenX1'}, {'size': [1024, 2048], 'counts': b'YZoW1\\6di000000000000000000000000000000000000000000000000000000000000000000000000000000000000000000000000000000000000000000000000000000gePf0'}, {'size': [1024, 2048], 'counts': b'`Zi>l0So010000000000000000000000aei`1'}, {'size': [1024, 2048], 'counts': b'oZhY1W6ii00000000000000000000000000000000000000000000000000000000000000000000000000000000000000000000000000000000000000000000000000000000000000000000000000Qemc0'}, {'size': [1024, 2048], 'counts': b'dedh1i0Po0W1iNX1iNe0PXOWLXa0d5^^OaJ^4m0]2`5lHiI_4Q1n1m5\\IWI\\4[1a0P7nJjGX4c1QLZ;@WCW4k1QJX=]1SA[4e2lHP=_2_@`4kc0VKZ\\Oe4[d0gJi[OT5Ue0nIP[On5]e0eIgZOV6ee0^InZOP6bg0M3N2N2N2O1@`00000000000000000000000000000000000000000000000000000000000000000000000000000000000000000000000000000000000000000000000000000000000000000000000000000000000000000000000000000000000000000000000000000000000000000000000000000000000000000000000000000000000000000000000000000000000000000000000000000000000000000000000000000000000000000000000000000000000000000000000000000000000000000000000000000000000000000000000000000000^Ob0I70000000jK'}, {'size': [1024, 2048], 'counts': b'gZ[a0Q1nn02O0000000000000000000000000ZeU^1'}, {'size': [1024, 2048], 'counts': b'l]Y`1k03XOZn0d1aN^1WOf0K5O1O1N200O100M3000000000000000000000000000000000000000000000000000000000000000000000000000M3M3L4J6M3NVeo='}, {'size': [1024, 2048], 'counts': b'P[UZ1h05`1bl0V1K8H4L000000000000000000000000000000000000000000000000000000000000000000000000000000000000000000000TeWd0'}, {'size': [1024, 2048], 'counts': b'mZce0j0Uo02O1O00000000000001OSeQZ1'}, {'size': [1024, 2048], 'counts': b'W[Tb1Y1gn0g1YNa0_O7I4L3M2N1O1O001O1O3M0000M30000O1O100O1O1O1O1N20000N200001O00O1000000O1O1O1N:F8H;ETd_<'}, {'size': [1024, 2048], 'counts': b'W]PU1T1]n0l1cM^1nTOdKai0m5@7G:J0000000000000000000000000000000000000000000000000000000000000000000000000000000000000000000000000000000000000000000000000adlh0'}, {'size': [1024, 2048], 'counts': b'gZY>n0Ro03M00000000000000000000000YeXa1'}, {'size': [1024, 2048], 'counts': b'jYW_1U6ki00000000000000000000000000000000000000000000000000000000000000000000000000000000000000000000000000000000000000000000000000000000000000000000Vfa>'}, {'size': [1024, 2048], 'counts': b'XYlk1U6ki00K9E`0D3N2N2O1O1N2O1N200O1K50000000000000000000000000000000000000000000000000000000000000000000000000000000000000000000000000000000000000000000000000000000000000000000000000000000000000000000000000000000J6O10hgj0'}, {'size': [1024, 2048], 'counts': b'S\\fP1e8[g00O1N2N2K50000000000000000005K001O0000000000000000000000000000000000000000000000000000000000000000000000000000000000000000000000000000000000O10000K500000000000000000000000000000000000000000000000000000000000000Wdok0'}, {'size': [1024, 2048], 'counts': b'n[Pi1f03Aln0`1YO8I00000000000000000000000000000000000000000TdW6'}]"
demo/2.png,"[[1.2235798e+03 4.1452423e+02 1.2635217e+03 5.1680194e+02 9.9952018e-01]
 [1.1643774e+03 4.2378607e+02 1.2027981e+03 5.1421698e+02 9.9936241e-01]
 [7.5416458e+01 4.0733459e+02 1.4164177e+02 5.7385199e+02 9.9918526e-01]
 [1.5735959e+03 4.0298947e+02 1.6133093e+03 5.0531955e+02 9.9906832e-01]
 [1.8569435e+03 3.6968597e+02 1.9136891e+03 5.1677319e+02 9.9699569e-01]
 [1.6481862e+03 4.0568378e+02 1.6808444e+03 4.9960132e+02 9.9446905e-01]
 [2.7912500e+02 4.1899878e+02 3.2412946e+02 5.4221082e+02 9.9090272e-01]
 [1.8043759e+02 4.2601505e+02 2.2716797e+02 5.5165649e+02 9.8261857e-01]
 [1.7257423e+03 3.8978860e+02 1.7671039e+03 5.0313528e+02 9.5663249e-01]
 [5.5260559e+02 4.4036060e+02 5.7661658e+02 5.0747540e+02 9.4828695e-01]
 [4.0781659e+02 4.5899997e+02 4.2504968e+02 5.0620151e+02 8.3803314e-01]
 [1.1529573e+03 4.3694049e+02 1.1645688e+03 4.6850220e+02 8.0324876e-01]
 [6.8499951e+02 4.3522656e+02 7.0636523e+02 4.9209845e+02 7.0477498e-01]
 [1.8428986e+03 3.8765186e+02 1.8809396e+03 4.9659131e+02 6.5957522e-01]
 [5.0977982e+02 4.4414905e+02 5.3534119e+02 5.1307672e+02 4.3683401e-01]
 [1.1622220e+03 4.3940137e+02 1.1725450e+03 4.6880450e+02 3.8763112e-01]
 [1.6799902e+03 4.0464310e+02 1.7135715e+03 4.9449118e+02 2.7289972e-01]
 [7.1439429e+02 4.3614853e+02 7.3454358e+02 4.9075601e+02 2.5100181e-01]
 [1.1403639e+03 4.3930090e+02 1.1489767e+03 4.6274695e+02 2.0661667e-01]
 [5.3770624e+02 4.4765662e+02 5.5879486e+02 5.0544659e+02 1.7708510e-01]
 [5.2661993e+02 4.4955209e+02 5.4731378e+02 5.1293390e+02 1.4325710e-01]
 [6.3672607e+02 4.4347330e+02 6.5935437e+02 5.0276859e+02 1.3705440e-01]
 [2.8000653e+02 4.1910168e+02 3.2523352e+02 5.4423822e+02 5.5412449e-02]
 [6.8475879e+02 4.3531158e+02 7.0742517e+02 4.9524194e+02 5.4521989e-02]
 [1.8022653e+02 4.2592523e+02 2.2828036e+02 5.5537762e+02 5.1066343e-02]
 [5.5220880e+02 4.4024527e+02 5.7702533e+02 5.0922861e+02 5.0822303e-02]
 [4.0711273e+02 4.5929083e+02 4.2443591e+02 5.0675317e+02 4.9902007e-02]
 [1.8422212e+03 3.8731311e+02 1.8817202e+03 5.0225452e+02 4.7737084e-02]
 [4.8706137e+02 4.4772827e+02 5.1146054e+02 5.1100916e+02 4.1156333e-02]
 [1.6475924e+03 4.0569757e+02 1.6800338e+03 4.9946179e+02 4.0460676e-02]
 [7.6703262e+01 4.0731558e+02 1.4275703e+02 5.7337891e+02 3.6472224e-02]
 [5.1094559e+02 4.4440335e+02 5.3408411e+02 5.0950839e+02 3.5828322e-02]
 [1.1617003e+03 4.3927170e+02 1.1720919e+03 4.6887521e+02 3.1835351e-02]
 [1.1634520e+03 4.2383939e+02 1.2031600e+03 5.1411145e+02 3.1520784e-02]
 [1.7261597e+03 3.8970401e+02 1.7681860e+03 5.0353452e+02 3.0531099e-02]
 [1.2245479e+03 4.1458618e+02 1.2632732e+03 5.1679553e+02 2.9779036e-02]
 [5.3913873e+02 4.4745090e+02 5.5773822e+02 5.0005350e+02 2.6642697e-02]
 [1.8562246e+03 3.6963284e+02 1.9141938e+03 5.1711169e+02 2.0712076e-02]
 [1.1530900e+03 4.3686206e+02 1.1647740e+03 4.6851569e+02 1.9085776e-02]
 [6.9289893e+02 4.3599860e+02 7.1259204e+02 4.8517334e+02 1.8448306e-02]
 [1.5737694e+03 4.0306064e+02 1.6129323e+03 5.0487930e+02 1.7874813e-02]
 [2.1323956e+02 4.4581021e+02 2.5397833e+02 5.4823395e+02 1.7172571e-02]
 [5.2500006e+02 4.4940479e+02 5.4908905e+02 5.1086322e+02 1.6892349e-02]
 [7.1385065e+02 4.3600571e+02 7.3504828e+02 4.9237991e+02 1.6177207e-02]
 [3.9223813e+02 4.6950122e+02 4.0577701e+02 5.0560046e+02 1.3744002e-02]
 [6.3637732e+02 4.4352328e+02 6.6145935e+02 5.0636337e+02 1.2603576e-02]
 [1.1918007e+03 4.4113660e+02 1.2042042e+03 4.7430927e+02 1.1932932e-02]
 [8.3207379e+02 4.4103278e+02 8.4447491e+02 4.7682428e+02 1.1754457e-02]
 [1.6787767e+03 4.0469662e+02 1.7122162e+03 4.9481552e+02 1.1547864e-02]
 [5.0971790e+02 4.4412628e+02 5.3881934e+02 5.2130444e+02 1.0354138e-02]
 [1.1405610e+03 4.3948984e+02 1.1493101e+03 4.6292014e+02 8.7535447e-03]
 [1.1708650e+03 4.3378723e+02 1.1832681e+03 4.7054077e+02 8.6615626e-03]
 [1.2281375e+03 4.2280798e+02 1.2483467e+03 4.8481494e+02 8.2109636e-03]
 [1.8443265e+03 3.8786703e+02 1.8804554e+03 4.9144791e+02 7.2105848e-03]
 [1.0615707e+03 4.3900348e+02 1.0751989e+03 4.7482367e+02 7.1572089e-03]
 [1.1634719e+03 4.3958139e+02 1.1726621e+03 4.6905453e+02 6.6038417e-03]
 [6.8593658e+02 4.3533777e+02 7.0690802e+02 4.9138666e+02 6.1303847e-03]
 [7.8416589e+02 4.3605338e+02 8.0172021e+02 4.8506955e+02 5.6431820e-03]
 [1.6301295e+03 4.1348911e+02 1.6601395e+03 4.9829410e+02 5.0084973e-03]
 [4.8792728e+02 4.4734003e+02 5.1480359e+02 5.1603644e+02 4.5069577e-03]
 [1.3697874e+03 4.1883636e+02 1.4041765e+03 5.0881287e+02 3.8726616e-03]
 [4.0739520e+02 4.5922766e+02 4.2543365e+02 5.0784296e+02 3.7510968e-03]
 [3.8979492e+02 4.7008975e+02 4.0893573e+02 5.2621692e+02 3.5209632e-03]
 [6.3675085e+02 4.4327808e+02 6.5673962e+02 4.9747473e+02 3.3680256e-03]
 [5.2840900e+02 4.4922278e+02 5.5040900e+02 5.1146045e+02 3.1217970e-03]
 [5.5252844e+02 4.4041354e+02 5.7609692e+02 5.0657034e+02 2.9422350e-03]
 [5.3753735e+02 4.4767508e+02 5.5961646e+02 5.0680630e+02 2.8349690e-03]
 [1.1983602e+03 4.4212018e+02 1.2105756e+03 4.7499481e+02 2.7180780e-03]
 [2.0112173e+03 3.5857953e+02 2.0470000e+03 5.3062646e+02 2.5869384e-03]
 [9.3871661e+02 4.3218588e+02 9.4874640e+02 4.5830106e+02 2.5426005e-03]
 [2.8135098e+02 4.1907736e+02 3.2484439e+02 5.4069067e+02 2.5359723e-03]
 [6.9658502e+02 4.3595416e+02 7.1550031e+02 4.8695044e+02 2.4962178e-03]
 [1.5721029e+03 4.1706781e+02 1.5956754e+03 4.8900842e+02 2.4784987e-03]
 [1.8164462e+02 4.2593835e+02 2.2837640e+02 5.5346759e+02 2.2152236e-03]
 [1.5380621e+03 4.2439877e+02 1.5686881e+03 5.0204044e+02 2.1950514e-03]
 [1.6176251e+03 4.1418121e+02 1.6484376e+03 4.9683069e+02 2.0604804e-03]
 [1.1640515e+03 4.3812262e+02 1.1768994e+03 4.7023267e+02 1.9725042e-03]
 [1.9544001e+03 3.8530795e+02 1.9924895e+03 4.8784628e+02 1.7980200e-03]
 [4.4708560e+02 4.5826642e+02 4.6251559e+02 5.0031525e+02 1.6858124e-03]
 [1.6959834e+03 4.0875879e+02 1.7276248e+03 4.9009125e+02 1.6701546e-03]
 [1.6362477e+03 4.1091125e+02 1.6532806e+03 4.6222821e+02 1.5960787e-03]
 [8.0015881e+02 4.4625006e+02 8.1303613e+02 4.8319305e+02 1.5647971e-03]
 [1.2257178e+03 4.3004547e+02 1.2442583e+03 4.8247705e+02 1.5435875e-03]
 [1.5065658e+03 4.2584750e+02 1.5226012e+03 4.6963052e+02 1.5400354e-03]
 [7.4348129e+01 4.0736624e+02 1.4107002e+02 5.7386578e+02 1.4730525e-03]
 [2.1578729e+02 4.4602399e+02 2.5503412e+02 5.4825720e+02 1.4530694e-03]
 [1.6815183e+03 4.0458566e+02 1.7146013e+03 4.9302914e+02 1.3388980e-03]
 [1.9263774e+03 3.7783505e+02 1.9684812e+03 4.9207645e+02 1.2834381e-03]
 [1.9672994e+03 3.5528940e+02 2.0296779e+03 5.2164185e+02 1.1428728e-03]
 [1.4635861e+03 4.2613507e+02 1.4835226e+03 4.7951227e+02 1.1405508e-03]
 [1.1695272e+03 4.3289008e+02 1.1869122e+03 4.8338928e+02 1.0603891e-03]
 [1.5466445e+03 4.1304108e+02 1.5626841e+03 4.5799799e+02 1.0591294e-03]
 [5.0812360e+02 4.4408994e+02 5.3485126e+02 5.1435901e+02 1.0586798e-03]
 [1.1950538e+03 4.4023981e+02 1.2070331e+03 4.7087433e+02 1.0192342e-03]
 [1.1646216e+03 4.2375616e+02 1.2035515e+03 5.1428986e+02 1.0067540e-03]]"
demo/2.png,"[{'size': [1024, 2048], 'counts': b'n\\XV1W3il000000000000000000000000000000000000000000000000000000000000000000000000000000Rc_h0'}, {'size': [1024, 2048], 'counts': b'Y]]T1j2Tm02000000000000000000000000000000000000000000000000000000000000000000000000ib\\j0'}, {'size': [1024, 2048], 'counts': b'ea[21Tk08eUOY29lMgi0i400000000000000000000000000000000000000000000000000000000000000000000000000000000000000000000000000000000000000000000000000000000Ycak1'}, {'size': [1024, 2048], 'counts': b'e\\Va1U3hl030000000000000000000000000000000000000000000000000000000000000000000000000000^ca='}, {'size': [1024, 2048], 'counts': b'a[Qj1g09d11lMjk0]4XO0000000000000000000000000000000000000000000000000000000000000000000000000000000000000000000000000000000000000_dU4'}, {'size': [1024, 2048], 'counts': b'e\\ac1o2Qm00000000000000000000000000000000000000000000000000000000000000[c^;'}, {'size': [1024, 2048], 'counts': b'W]h8;;5Zn0]3^M0000000000000000000000000000000000000000000000000000000000000000000000000000000000000nbje1'}, {'size': [1024, 2048], 'counts': b'^]e5\\3`l0b0B00000000000000000000000000000000000000000000000000000000000000000000000000000000000000000fbkh1'}, {'size': [1024, 2048], 'counts': b'Y\\ne1o07S1]l0a1I0000000000000000000000000000000000000000000000000000000000000000000000000000000kcg8'}, {'size': [1024, 2048], 'counts': b'h]Ya0R2nm02N0000000000000000000000000000000000000000000Xbn]1'}, {'size': [1024, 2048], 'counts': b'\\^h<]1cn02N000000000000000000000000000000Oeaeb1'}, {'size': [1024, 2048], 'counts': b'e]QT1P1Po0000000000000000000000[bbk0'}, {'size': [1024, 2048], 'counts': b'e]]e0e1Yn05M000000000000000000000000000000000000000]blY1'}, {'size': [1024, 2048], 'counts': b'i^ci1a0il0m2I00000000000000000000000000000000000000000000000000000000000000000002N4HkcV5'}, {'size': [1024, 2048], 'counts': b'l]n?S2mm03M0000000000000000000000000000000000000000000000MWbW_1'}, {'size': [1024, 2048], 'counts': b'h][T1m0So00000000000000001OWbZk0'}, {'size': [1024, 2048], 'counts': b'f\\`d1b1;_NK`0Sm0Z2L00000000000000000000000000000000000000000000000000000000000000N^c]:'}, {'size': [1024, 2048], 'counts': b'f][f0a1]n06L00000000000000000000000000000001O1N[bPY1'}, {'size': [1024, 2048], 'counts': b'h]eS1g0Yo00000000000000XbRl0'}, {'size': [1024, 2048], 'counts': b'R^j`0c1Zn08K0000000000000000000000000000000001M4KQb`^1'}, {'size': [1024, 2048], 'counts': b'S^_`0`1^n0=E1O1O001O00O1000000000000000000O100O3Loak^1'}, {'size': [1024, 2048], 'counts': b'm]mc0f1Xn06L0000000000000000000000000000000000000001NUb[[1'}, {'size': [1024, 2048], 'counts': b'S]i8`3`l0>B000000000000000000000000000000000000000000000000000000000000000000000000000000000000MPcie1'}, {'size': [1024, 2048], 'counts': b'c]]e0h1Xn05K0000000000000000000000000000000000000000N_bkY1'}, {'size': [1024, 2048], 'counts': b']]e5k2Qm0X1lN000000000000000000000000000000000000000000000000000000000000000000000000000000000000000000Lkbjh1'}, {'size': [1024, 2048], 'counts': b'h]Ya0R2nm04L000000000000000000000000000000000000000000000Xbm]1'}, {'size': [1024, 2048], 'counts': b']^h<[1en03L1000000000000000000000000001Ocafb1'}, {'size': [1024, 2048], 'counts': b'S\\di1`3`l04L000000000000000000000000000000000000000000000000000000000000000000L8IY1kLVRO1i0c0g_V5'}, {'size': [1024, 2048], 'counts': b'Q^X?l1Rn05M000000000000000000000000000000000000000001MRbo_1'}, {'size': [1024, 2048], 'counts': b'e\\`c1o2Qm0000000000000000000000000000000000000000000000000000000000000000[c^;'}, {'size': [1024, 2048], 'counts': b'j\\\\29i0\\2A^N_j0T40000000000000000000000000000000000000000000000000000000000000000000000000000000000000000000000000000000000000000000000000000000000Yc`k1'}, {'size': [1024, 2048], 'counts': b'l]o?R2nm0000000000000000000000000000000000000000000000TbX_1'}, {'size': [1024, 2048], 'counts': b'h]ZT1m0So0000000000000000001OWbZk0'}, {'size': [1024, 2048], 'counts': b'Z]\\T1`07b1ml0j00000000000000000000000000000000000000000000000000000000000000000000000000000ib[j0'}, {'size': [1024, 2048], 'counts': b'U\\oe1^3bl05K000000000000000000000000000000000000000000000000000000000000000000000000000000Nmcf8'}, {'size': [1024, 2048], 'counts': b'n\\YV1W3il0000000000000000000000000000000000000000000000000000000000000000000000000000Rc_h0'}, {'size': [1024, 2048], 'counts': b'Q^l`0d1[n0100000000000000000000000000001O0OPba^1'}, {'size': [1024, 2048], 'counts': b'g[Qj14fo0a4eK000000000000000000000000000000000000000000000000000000000000000000000000000000000000000000000000000000000000000_dT4'}, {'size': [1024, 2048], 'counts': b'e]RT1P1Po00000000000000000000[bbk0'}, {'size': [1024, 2048], 'counts': b'd]de0b1^n0000000000000000O100000000001O001O0M^bhY1'}, {'size': [1024, 2048], 'counts': b'c\\Va1V3jl0000000000000000000000000000000000000000000000000000000000000000000000000000]cb='}, {'size': [1024, 2048], 'counts': b'S^g6f1Wn0U1mN5J4N1O1O2N0000000000000000000000000000000000000000000000000002N0N3N1O2M4MnaQh1'}, {'size': [1024, 2048], 'counts': b'T^^`0?_o0Z1gN3N1O1O000000000000000000000000000000O1O3M2XNlQO`1R`j^1'}, {'size': [1024, 2048], 'counts': b'f]Zf0`1^n08J1O000000000000000000000000000000000002L\\boX1'}, {'size': [1024, 2048], 'counts': b'g^Y<R1mn02O00000000000000000001NZaYc1'}, {'size': [1024, 2048], 'counts': b'k]mc0k1Un05K000000000000000000000000000000000000000001O1LVbY[1'}, {'size': [1024, 2048], 'counts': b'm]XU1k0So05L100000000000000000000VbZj0'}, {'size': [1024, 2048], 'counts': b'k]Qj0R1mn010000000000000000001OUbbU1'}, {'size': [1024, 2048], 'counts': b'd\\`d1k2Um0000000000000000000000000000000000000000000000000000000000000000\\c^:'}, {'size': [1024, 2048], 'counts': b'l]n?U2km04L2N1O000000000000000000000000000000000000000000O1N4Kb0PNTcT_1'}, {'size': [1024, 2048], 'counts': b'h]eS1g0Yo0000000000000000XbQl0'}, {'size': [1024, 2048], 'counts': b'e]bT17eo0o0UO0001O0000000000001O0000]boj0'}, {'size': [1024, 2048], 'counts': b'\\]\\V1`0Zo0_1gN0000000000000000000000000000000000000jbnh0'}, {'size': [1024, 2048], 'counts': b'U\\ei1W3gl020000000000000000000000000000000000000000000000000000000000000000005KhcV5'}, {'size': [1024, 2048], 'counts': b'i]VQ1R1mn01000000000000000000001O00Wb[n0'}, {'size': [1024, 2048], 'counts': b'h]\\T1n0Ro000000000000001OWbZk0'}, {'size': [1024, 2048], 'counts': b'e]^e0g1Wn020000000000000000000000000000000000001O\\blY1'}, {'size': [1024, 2048], 'counts': b'f]ah0_1an01O00000000000000000000000000000ZbmV1'}, {'size': [1024, 2048], 'counts': b'T]Pc1V1gn0j0WO`0@3O3M000000000000000000000000000000000000000002N9]M^RO21k1Uo0gNXaR<'}, {'size': [1024, 2048], 'counts': b'Q^X?P2nm06L0000000000000000000000000000000000000000O1O1N5IRbm_1'}, {'size': [1024, 2048], 'counts': b'Y]jZ1W2em0?B5N00000000000000000000000000000000000000000000000000000000000002LnbRd0'}, {'size': [1024, 2048], 'counts': b']^h<\\1dn03M0O10000000000000000000000001O0Neaeb1'}, {'size': [1024, 2048], 'counts': b'h^V<^1bn06I3N001O0000000O010000000000O102L3nNnQOO^_Wc1'}, {'size': [1024, 2048], 'counts': b'm]mc0d1[n02O00000000000000000000000O100001O001OSb^[1'}, {'size': [1024, 2048], 'counts': b'T^``0?_o0X1iN6K1O1O00000000000000000000000000O100O1O4Knah^1'}, {'size': [1024, 2048], 'counts': b'h]Ya0Q2om02N0000000000000000000000000000000000000000000Xbn]1'}, {'size': [1024, 2048], 'counts': b'R^j`0c1Zn07L2N000000000000000000000000000000O1O3M2KRb_^1'}, {'size': [1024, 2048], 'counts': b'n]_U1558Ro0b0I1000000000000001O1OSbTj0'}, {'size': [1024, 2048], 'counts': b'e[ln1\\3[l0P1SO`0F8H2N1O1O1O001O3M0000000000000000000000000000000000000000000000000jD'}, {'size': [1024, 2048], 'counts': b'b][m0f0Yo02O1O0000000000O10_bZR1'}, {'size': [1024, 2048], 'counts': b'S]j8e3[l05K000000000000000000000000000000000000000000000000000000000000000000000000000000000mbje1'}, {'size': [1024, 2048], 'counts': b'h]he023;NE>0Xn0`1G000O100O1000000000000001O001O0O2M\\bdY1'}, {'size': [1024, 2048], 'counts': b'c^Ua176Kkm0U2F20000000000000000000000000000000000000000obS>'}, {'size': [1024, 2048], 'counts': b'Y]f5k3Ul06J0000000000000000000000000000000000000000000000000000000000000000000000000000000000000000Lkbjh1'}, {'size': [1024, 2048], 'counts': b'_]S`1S2jm08I20000N200000000000000000000000000000000000000002N1O1O4L`bn>'}, {'size': [1024, 2048], 'counts': b'c]bb128OJ=jn0e1jN;J200O100N20000000000000000000000000000000000002N1O1O5H;Bgb^<'}, {'size': [1024, 2048], 'counts': b'h]]T1o0Po01001O0000O100001O1N6TOibVk0'}, {'size': [1024, 2048], 'counts': b'V\\Rm11lo0e2\\M;G6J000000000000000000000000000000000000000000000000000000000000000000000ocf1'}, {'size': [1024, 2048], 'counts': b'\\^P>V1jn03L10000000000000000001O001Oca`a1'}, {'size': [1024, 2048], 'counts': b'W]od1>So0Q2^N4L0000000000000000000000000000000000000002N001O000N3M3M3N<_Ok0QO\\bo9'}, {'size': [1024, 2048], 'counts': b'l\\Uc1_1_n05M1O00000000000000000000000002NTcY<'}, {'size': [1024, 2048], 'counts': b'P^Qi0T1kn010000000000000000001O00PbaV1'}, {'size': [1024, 2048], 'counts': b'^]ZV1e1[n000000000000000000000000000000000000bbRi0'}, {'size': [1024, 2048], 'counts': b'[]S_1Y1gn02M100000000000000000000001O00eb\\`0'}, {'size': [1024, 2048], 'counts': b'g\\\\2W5ij0000000000000000000000000000000000000000000000000000000000000000000000000000000000000000000000000000000000000000000000000000000000Ycak1'}, {'size': [1024, 2048], 'counts': b'S^i6f2Xm08I3L3O1O2N00000000000000000000000000000000000000000000000000000000N2O4K4M3Lmaog1'}, {'size': [1024, 2048], 'counts': b'd\\bd1j2Vm000000000000000000000000000000000000000000000000000000000000000L`c\\:'}, {'size': [1024, 2048], 'counts': b'n\\Wl1f1[m0Z1_O=I4L3M00000000000000000000000002N001O1O00001O001O0000O1N20000001O00001O1O1O0K6MQd^2'}, {'size': [1024, 2048], 'counts': b'T]am1_2dk0V2C:J3M1O1O3M000000000000000000000000000000000000000000000000000000000000000000000000000000000000000000000000L4M3M7J4J6Lgda0'}, {'size': [1024, 2048], 'counts': b'\\]h]1b1^n02N0O10000000000000000000000000000001Odbca0'}, {'size': [1024, 2048], 'counts': b'`]aT1V1jn0>B0000000000000000000000000000000`blj0'}, {'size': [1024, 2048], 'counts': b'P][`1W1hn04L100000000000000000000001O00QcT?'}, {'size': [1024, 2048], 'counts': b'n]m?o1om06L2N00000000000000000000000000000000000000000000MWbX_1'}, {'size': [1024, 2048], 'counts': b'm]\\U1h0Uo05N0O1000000000000001OVbWj0'}, {'size': [1024, 2048], 'counts': b'[]\\T12g10\\l0h2QO200000000000000000000000000000000000000000000000000000000000000000000000000ib[j0'}]"
demo/3.png,"[[5.0305386e+02 1.8007153e+02 5.1877484e+02 2.2202245e+02 9.9611217e-01]
 [5.6574908e+02 1.7604689e+02 5.9525604e+02 2.5095049e+02 9.9558747e-01]
 [4.7533755e+02 1.7812090e+02 4.9331775e+02 2.2582922e+02 9.9116629e-01]
 [5.4768750e+02 1.8569534e+02 5.6446667e+02 2.2905911e+02 9.7692275e-01]
 [5.8260278e+02 1.7552933e+02 6.0321301e+02 2.3147977e+02 9.6471012e-01]
 [4.5881461e+02 1.8175920e+02 4.7409332e+02 2.2257278e+02 9.1435248e-01]
 [4.5595422e+02 1.8001418e+02 4.7150903e+02 2.2197179e+02 1.5585183e-01]
 [5.0349710e+02 1.8003752e+02 5.1912128e+02 2.2203328e+02 4.6026934e-02]
 [3.4750995e+02 1.8617525e+02 3.6260019e+02 2.2461017e+02 4.1192155e-02]
 [4.7573129e+02 1.7810544e+02 4.9377069e+02 2.2574315e+02 3.9861176e-02]
 [5.4794666e+02 1.8575560e+02 5.6413843e+02 2.2870819e+02 3.8058463e-02]
 [5.8187756e+02 1.7555626e+02 6.0260260e+02 2.3165828e+02 3.6047220e-02]
 [5.6450873e+02 1.8802065e+02 5.8103766e+02 2.3490565e+02 3.3076171e-02]
 [5.6561841e+02 1.7590771e+02 5.9459247e+02 2.5085619e+02 2.7773127e-02]
 [4.5494693e+02 1.7962604e+02 4.7003024e+02 2.2172803e+02 2.2515673e-02]
 [4.4359552e+02 1.8999670e+02 4.5699866e+02 2.2260089e+02 2.0252448e-02]
 [5.5433057e+02 1.8647026e+02 5.6564923e+02 2.2047148e+02 1.7493600e-02]
 [3.4876682e+02 1.8692244e+02 3.6200943e+02 2.2050435e+02 8.6866012e-03]
 [5.6492297e+02 1.9229532e+02 5.7798938e+02 2.3229749e+02 7.5375033e-03]
 [4.5932547e+02 1.8200867e+02 4.7435410e+02 2.2257251e+02 6.7962101e-03]
 [5.5651526e+02 1.8858470e+02 5.7318530e+02 2.2800574e+02 4.7667185e-03]
 [6.1518262e+02 1.7876625e+02 6.2814771e+02 2.1447638e+02 4.6977834e-03]
 [5.1092270e+02 1.8597656e+02 5.2191638e+02 2.1828235e+02 4.6932772e-03]
 [2.8974240e+02 2.0208841e+02 2.9567377e+02 2.1760336e+02 4.2846301e-03]
 [3.9846384e+02 1.8946561e+02 4.0812326e+02 2.1692570e+02 4.1271127e-03]
 [4.5008099e+02 1.8835980e+02 4.6395331e+02 2.2205739e+02 3.4795513e-03]
 [4.8227002e+02 1.8278362e+02 4.9464725e+02 2.1982076e+02 3.2092382e-03]
 [5.9043243e+02 1.7973132e+02 6.0365173e+02 2.1762827e+02 3.0629714e-03]
 [5.8285632e+02 1.7539801e+02 6.0381238e+02 2.3148947e+02 2.9774599e-03]
 [3.1287845e+02 1.1651638e+02 3.8557458e+02 3.6563199e+02 2.3967307e-03]
 [1.9816663e+02 1.8282925e+02 2.2007259e+02 2.3849545e+02 2.3427347e-03]
 [5.6837524e+02 1.8982912e+02 5.8081555e+02 2.2743987e+02 2.1075096e-03]
 [4.7558749e+02 1.7824747e+02 4.9293243e+02 2.2554509e+02 2.0736086e-03]
 [3.5540378e+02 1.9815933e+02 3.6582648e+02 2.2341626e+02 2.0437145e-03]
 [4.5451010e+02 1.7996408e+02 4.6863025e+02 2.2167917e+02 1.9679347e-03]
 [5.4799091e+02 1.8566823e+02 5.6487482e+02 2.2892020e+02 1.8286406e-03]
 [3.0829648e+02 1.9229836e+02 3.1721088e+02 2.1675606e+02 1.7972925e-03]
 [4.6701611e+01 1.7058473e+02 9.5781311e+01 2.9491205e+02 1.6949252e-03]
 [3.5197586e+02 1.9171758e+02 3.6294687e+02 2.1877730e+02 1.6656804e-03]
 [4.4275345e+02 1.8907509e+02 4.5683936e+02 2.2272659e+02 1.0914983e-03]
 [1.0150221e+01 1.8964572e+02 3.0420773e+01 2.4213673e+02 1.0849310e-03]
 [1.9124292e+02 1.8182961e+02 2.2319714e+02 2.6074057e+02 1.0491566e-03]]"
demo/3.png,"[{'size': [480, 640], 'counts': b'd]\\7[1e=000000000000000000000000000\\ah1'}, {'size': [480, 640], 'counts': b'ZQY8P16[O_<P20000000000000000000000000000000000000000000000000000000000`^d0'}, {'size': [480, 640], 'counts': b'bYo6`1`=000000000000000000000000000000000^XT2'}, {'size': [480, 640], 'counts': b'iQQ8]1c=0000000000000000000000000000000WoR1'}, {'size': [480, 640], 'counts': b'_^a8i1W=000000000000000000000000000000000000000af`0'}, {'size': [480, 640], 'counts': b']lf6a0g=i0O0000000000000000000000000001OZU]2'}, {'size': [480, 640], 'counts': b'dme6Z1f=00000000000000000000000001O1OZb^2'}, {'size': [480, 640], 'counts': b'Po[7k0i=`0L00000000000000000000000000000\\Rh1'}, {'size': [480, 640], 'counts': b'jYS5W1i=00000000000000000000000001OUeQ4'}, {'size': [480, 640], 'counts': b'bYo6`1`=000000000000000000000000000000000^XT2'}, {'size': [480, 640], 'counts': b'iQQ8\\1d=0000000000000000000000000000000WoR1'}, {'size': [480, 640], 'counts': b'_o`8i1W=000000000000000000000000000000000000000aUa0'}, {'size': [480, 640], 'counts': b'mPY8^1a=100000000000000000000000000000NVPk0'}, {'size': [480, 640], 'counts': b'_QY8e0`0BT<U200000000000000000000000000000000000000000000000000000000amd0'}, {'size': [480, 640], 'counts': b'c^e6[1e=00000000000000000000000000000]Q_2'}, {'size': [480, 640], 'counts': b'nj_6n0Q>4M0000000000000000000001ORce2'}, {'size': [480, 640], 'counts': b'jkS8S1m=00000000000000000001NV`R1'}, {'size': [480, 640], 'counts': b'SZS5h0o=;N000000000000000000000001OUeQ4'}, {'size': [480, 640], 'counts': b'XbX849NP>W1^O0000000000000000000000OQll0'}, {'size': [480, 640], 'counts': b'hZg6W1g=2000000000000000000000000001OYU]2'}, {'size': [480, 640], 'counts': b'lXU8U1k=4L000000000000000000000001N4ITWo0'}, {'size': [480, 640], 'counts': b'd^P9R1l=3O00000000000000000000000^o4'}, {'size': [480, 640], 'counts': b'iW_7R1n=000000000000000002JYcg1'}, {'size': [480, 640], 'counts': b'ZTX4`0`>00000001OeQQ5'}, {'size': [480, 640], 'counts': b'Phj5e0X>7L00000000000000000SS\\3'}, {'size': [480, 640], 'counts': b'Rcc64h>c0]AZOL1m=Q1O0000000000000000000TZb2'}, {'size': [480, 640], 'counts': b'fSR7V1j=0000000000000000000004QOQjS2'}, {'size': [480, 640], 'counts': b'cgd8W1i=000000000000000000000002N[f`0'}, {'size': [480, 640], 'counts': b'bo`81l>h1[N000000000000000000000000000000000000000af`0'}, {'size': [480, 640], 'counts': b'd[b4e0[>3M>eEXOb5k1YG`0_OgMX8V6K4L6J2N2N2N1O1O1O2N1O2N1O1O1O1O1O2N5K00K5000000000000O100000000O10000000000001O00000000001O0000N2O1N2O1O1O1O1N2N2N2N2O1M3K5L4L4WMkHiLS8m0U4D<B>K5O]nf3'}, {'size': [480, 640], 'counts': b'kPm24i=c1_O10000O1000000000000000000000000000000001OYWT6'}, {'size': [480, 640], 'counts': b'm]Z8W1i=00000000000000000000000S_k0'}, {'size': [480, 640], 'counts': b'bYo6`1`=0000000000000000000000000000000^gT2'}, {'size': [480, 640], 'counts': b']cV5`0Z>9M0O10000001O00001NiWP4'}, {'size': [480, 640], 'counts': b'c^e6[1e=0000000000000000000000000]o_2'}, {'size': [480, 640], 'counts': b'bcP83T>Y1@0000000000000000000000000000000WoR1'}, {'size': [480, 640], 'counts': b'[b`4<Z><N000000000000000ogf4'}, {'size': [480, 640], 'counts': b'She0T3`;<J6L4M3000000000000000000000000000000000000000000000000000000000000000000000000000000000000004L3M_jn7'}, {'size': [480, 640], 'counts': b'ofT5l0T>00000000000000000001OPeQ4'}, {'size': [480, 640], 'counts': b'o[_6d0Z>>D000000000000000000000001ORce2'}, {'size': [480, 640], 'counts': b'mZ5d1\\=2N0000000000000000000000000000000002NQYm8'}, {'size': [480, 640], 'counts': b'mUj2V2e<7M1N2000000000000000000000000000000000000000000000000001O4L3IWjR6'}]"
